{
  "zero_shot": {
    "pearson": 0.8362479796038322,
    "spearman": 0.7715277274604282
  },
  "zero_shot_cls_pooling": {
    "pearson": 0.7886613934205398,
    "spearman": 0.7049195176286783
  },
  "tuned": {
    "pearson": 0.8714462093338972,
    "spearman": 0.8128083235945273,
    "model_dir": "C:\\Users\\octav\\OneDrive\\Bureau\\Optionnal_Project\\models\\advanced_sick"
  },
  "split": "test"
}