{
  "pearson": 0.8714462093338972,
  "spearman": 0.8128083235945273,
  "split": "test"
}