{
  "pearson": 0.8499933352011353,
  "spearman": 0.850823618434642
}