{
  "pearson": 0.8908965822097195,
  "spearman": 0.8892164108107605,
  "split": "dev"
}